ID,Статистическое время,Средняя скорость ветра(m/s),Нормализованная активная мощность,Средняя температура окружающей среды(°C)
141353,2026-01-25 0:00:00,11.29,0.96,-2.9
141354,2026-01-25 0:10:00,11.17,0.95,-2.48
141355,2026-01-25 0:20:00,12.34,0.99,-0.91
141356,2026-01-25 0:30:00,12.34,0.99,-0.43
141357,2026-01-25 0:40:00,11.6,0.99,-1.15
141358,2026-01-25 0:50:00,10.96,0.98,-3.74
141359,2026-01-25 1:00:00,10.75,0.9,-4.02
141360,2026-01-25 1:10:00,11.36,0.95,-4.71
141361,2026-01-25 1:20:00,8.15,0.49,-4.98
141362,2026-01-25 1:30:00,6.94,0.33,-5.23
141363,2026-01-25 1:40:00,7.68,0.49,-5.29
141364,2026-01-25 1:50:00,8.33,0.67,-5.36
141365,2026-01-25 2:00:00,7.54,0.5,-5.33
141366,2026-01-25 2:10:00,5.13,0.12,-5.59
141367,2026-01-25 2:20:00,5.34,0.12,-5.73
141368,2026-01-25 2:30:00,5.9,0.18,-6
141369,2026-01-25 2:40:00,7.53,0.48,-6.11
141370,2026-01-25 2:50:00,6.79,0.37,-6.31
141371,2026-01-25 3:00:00,6.42,0.27,-5.88
141372,2026-01-25 3:10:00,6.97,0.32,-5.91
141373,2026-01-25 3:20:00,7.67,0.49,-5.81
141374,2026-01-25 3:30:00,8.23,0.55,-5.43
141375,2026-01-25 3:40:00,8.42,0.62,-4.68
141376,2026-01-25 3:50:00,9.25,0.72,-4.39
141377,2026-01-25 4:00:00,8.94,0.72,-4.26
141378,2026-01-25 4:10:00,9.91,0.81,-4.07
141379,2026-01-25 4:20:00,8.38,0.59,-3.94
141380,2026-01-25 4:30:00,7.41,0.42,-4.1
141381,2026-01-25 4:40:00,7.33,0.4,-4.05
141382,2026-01-25 4:50:00,7.19,0.38,-3.75
141383,2026-01-25 5:00:00,6.66,0.29,-3.94
141384,2026-01-25 5:10:00,5.3,0.1,-4.18
141385,2026-01-25 5:20:00,4.77,0.07,-4.22
141386,2026-01-25 5:30:00,3.76,0.04,-4.13
141387,2026-01-25 5:40:00,4.66,0.07,-4.1
141388,2026-01-25 5:50:00,6.37,0.22,-4.28
141389,2026-01-25 6:00:00,4.33,0.08,-3.97
141390,2026-01-25 6:10:00,2.51,0.01,-3.48
141391,2026-01-25 6:20:00,2.24,0.01,-3.35
141392,2026-01-25 6:30:00,2.06,0.01,-3.58
141393,2026-01-25 6:40:00,2.87,0.01,-3.6
141394,2026-01-25 6:50:00,4.11,0.02,-3.31
141395,2026-01-25 7:00:00,5.77,0.12,-3.26
141396,2026-01-25 7:10:00,6.13,0.2,-3.23
141397,2026-01-25 7:20:00,6.48,0.2,-3.31
141398,2026-01-25 7:30:00,7.48,0.34,-3.51
141399,2026-01-25 7:40:00,9.49,0.71,-4
141400,2026-01-25 7:50:00,8.51,0.58,-4.23
141401,2026-01-25 8:00:00,8.21,0.55,-4.71
141402,2026-01-25 8:10:00,7.73,0.46,-4.59
141403,2026-01-25 8:20:00,7.22,0.37,-4.84
141404,2026-01-25 8:30:00,6.81,0.26,-4.81
141405,2026-01-25 8:40:00,6.69,0.25,-4.78
141406,2026-01-25 8:50:00,6.59,0.23,-4.67
141407,2026-01-25 9:00:00,6.26,0.19,-4.18
141408,2026-01-25 9:10:00,6.05,0.12,-3.73
141409,2026-01-25 9:20:00,6.39,0.17,-3.97
141410,2026-01-25 9:30:00,5.88,0.15,-3.89
141411,2026-01-25 9:40:00,5.86,0.13,-3.69
141412,2026-01-25 9:50:00,5.97,0.12,-3.46
141413,2026-01-25 10:00:00,5.72,0.11,-3.28
141414,2026-01-25 10:10:00,5.57,0.1,-3.2
141415,2026-01-25 10:20:00,5.84,0.11,-3.05
141416,2026-01-25 10:30:00,4.88,0.05,-2.71
141417,2026-01-25 10:40:00,3.62,0.02,-2.08
141418,2026-01-25 10:50:00,2.69,0.01,-1.18
141419,2026-01-25 11:00:00,2.83,0.01,-1.71
141420,2026-01-25 11:10:00,2.59,0,-1.47
141421,2026-01-25 11:20:00,2.33,0.01,-1.08
141422,2026-01-25 11:30:00,2.5,0.01,-0.78
141423,2026-01-25 11:40:00,2.55,0.01,-0.41
141424,2026-01-25 11:50:00,2.95,0.01,-0.37
141425,2026-01-25 12:00:00,2.89,0.01,-0.4
141426,2026-01-25 12:10:00,3.17,0.01,-0.17
141427,2026-01-25 12:20:00,3.4,0.01,-0.14
141428,2026-01-25 12:30:00,3.67,0.01,0.05
141429,2026-01-25 12:40:00,2.54,0.01,0.53
141430,2026-01-25 12:50:00,2.92,0.01,0.6
141431,2026-01-25 13:00:00,3.22,0.01,0.58
141432,2026-01-25 13:10:00,2.86,0.01,0.76
141433,2026-01-25 13:20:00,2.37,0.01,1
141434,2026-01-25 13:30:00,2.3,0.01,1.28
141435,2026-01-25 13:40:00,2.63,0.01,1.7
141436,2026-01-25 13:50:00,2.32,0.01,2.06
141437,2026-01-25 14:00:00,1.78,0.01,2.38
141438,2026-01-25 14:10:00,2.19,0.01,2.39
141439,2026-01-25 14:20:00,1.67,0.01,2.44
141440,2026-01-25 14:30:00,1.62,0.01,2.59
141441,2026-01-25 14:40:00,1.92,0.01,2.42
141442,2026-01-25 14:50:00,1.94,0.01,2.39
141443,2026-01-25 15:00:00,2.71,0.01,2.25
141444,2026-01-25 15:10:00,3.62,0.01,1.97
141445,2026-01-25 15:20:00,3.51,0.01,1.9
141446,2026-01-25 15:30:00,2.95,0.01,1.91
141447,2026-01-25 15:40:00,2.99,0.01,1.92
141448,2026-01-25 15:50:00,1.63,0.01,1.99
141449,2026-01-25 16:00:00,1.51,0.01,1.91
141450,2026-01-25 16:10:00,1.73,0.01,1.8
141451,2026-01-25 16:20:00,1.68,0.01,1.73
141452,2026-01-25 16:30:00,1.6,0.01,1.7
141453,2026-01-25 16:40:00,1.55,0.01,1.81
141454,2026-01-25 16:50:00,3.32,0.01,1.97
141455,2026-01-25 17:00:00,3.48,0.01,1.97
141456,2026-01-25 17:10:00,2.89,0.01,1.81
141457,2026-01-25 17:20:00,2.49,0.01,1.6
141458,2026-01-25 17:30:00,1.21,0.01,1.3
141459,2026-01-25 17:40:00,1.39,0.01,1.15
141460,2026-01-25 17:50:00,1.36,0.01,0.96
141461,2026-01-25 18:00:00,2.1,0.01,0.61
141462,2026-01-25 18:10:00,2.07,0.01,0.53
141463,2026-01-25 18:20:00,2.25,0.01,0.41
141464,2026-01-25 18:30:00,2.28,0.01,0.16
141465,2026-01-25 18:40:00,2.27,0.01,-0.04
141466,2026-01-25 18:50:00,1.71,0.01,-0.15
141467,2026-01-25 19:00:00,1.67,0.01,-0.2
141468,2026-01-25 19:10:00,1.63,0.01,-0.32
141469,2026-01-25 19:20:00,2.87,0.01,-0.47
141470,2026-01-25 19:30:00,3.99,0.02,-0.55
141471,2026-01-25 19:40:00,4.78,0.08,-0.61
141472,2026-01-25 19:50:00,5.23,0.09,-0.49
141473,2026-01-25 20:00:00,5.57,0.12,-0.5
141474,2026-01-25 20:10:00,5.69,0.11,-0.33
141475,2026-01-25 20:20:00,5.25,0.1,-0.56
141476,2026-01-25 20:30:00,6.04,0.15,-0.68
141477,2026-01-25 20:40:00,6.33,0.2,-0.86
141478,2026-01-25 20:50:00,6.13,0.21,-1.3
141479,2026-01-25 21:00:00,6,0.2,-2.05
141480,2026-01-25 21:10:00,5.83,0.16,-2.66
141481,2026-01-25 21:20:00,6.14,0.22,-3.08
141482,2026-01-25 21:30:00,5.5,0.1,-3.38
141483,2026-01-25 21:40:00,6.78,0.25,-3.6
141484,2026-01-25 21:50:00,6.87,0.28,-3.86
141485,2026-01-25 22:00:00,6.56,0.27,-4.01
141486,2026-01-25 22:10:00,6.68,0.3,-4.24
141487,2026-01-25 22:20:00,6.54,0.22,-4.27
141488,2026-01-25 22:30:00,6.08,0.22,-4.3
141489,2026-01-25 22:40:00,7.82,0.51,-4.38
141490,2026-01-25 22:50:00,7.42,0.5,-4.33
141491,2026-01-25 23:00:00,8.3,0.65,-4.31
141492,2026-01-25 23:10:00,7.89,0.6,-4.23
141493,2026-01-25 23:20:00,9.55,0.81,-3.69
141494,2026-01-25 23:30:00,9.86,0.88,-3.49
141495,2026-01-25 23:40:00,7.83,0.57,-3.44
141496,2026-01-25 23:50:00,5.45,0.15,-3.5
141497,2026-01-26 0:00:00,5.92,0.19,-3.65
141498,2026-01-26 0:10:00,6.51,0.25,-3.86
141499,2026-01-26 0:20:00,6.48,0.29,-3.93
141500,2026-01-26 0:30:00,6.8,0.34,-4.02
141501,2026-01-26 0:40:00,6.42,0.28,-3.87
141502,2026-01-26 0:50:00,6.26,0.26,-4.34
141503,2026-01-26 1:00:00,6.24,0.25,-4.81
141504,2026-01-26 1:10:00,6.81,0.32,-5.17
141505,2026-01-26 1:20:00,5.79,0.19,-5.11
141506,2026-01-26 1:30:00,6.06,0.2,-5.04
141507,2026-01-26 1:40:00,5.8,0.18,-4.95
141508,2026-01-26 1:50:00,6.15,0.23,-4.89
141509,2026-01-26 2:00:00,5.58,0.14,-4.85
141510,2026-01-26 2:10:00,6.4,0.25,-4.97
141511,2026-01-26 2:20:00,7.08,0.35,-4.51
141512,2026-01-26 2:30:00,6.88,0.29,-4.61
141513,2026-01-26 2:40:00,7.17,0.39,-4.77
141514,2026-01-26 2:50:00,6.81,0.35,-4.88
141515,2026-01-26 3:00:00,5.96,0.24,-4.94
141516,2026-01-26 3:10:00,6.43,0.29,-4.61
141517,2026-01-26 3:20:00,6.52,0.31,-4.92
141518,2026-01-26 3:30:00,6.99,0.4,-4.88
141519,2026-01-26 3:40:00,6.61,0.3,-5.21
141520,2026-01-26 3:50:00,6.83,0.3,-5.43
141521,2026-01-26 4:00:00,7.07,0.26,-5.5
141522,2026-01-26 4:10:00,8.17,0.5,-5.58
141523,2026-01-26 4:20:00,7,0.35,-5.92
141524,2026-01-26 4:30:00,6.16,0.21,-6.02
141525,2026-01-26 4:40:00,5.59,0.18,-6.04
141526,2026-01-26 4:50:00,5.68,0.16,-6.19
141527,2026-01-26 5:00:00,7.19,0.42,-6.15
141528,2026-01-26 5:10:00,9.39,0.78,-5.53
141529,2026-01-26 5:20:00,8.43,0.66,-5.03
141530,2026-01-26 5:30:00,8.17,0.6,-5.22
141531,2026-01-26 5:40:00,8.93,0.69,-5.25
141532,2026-01-26 5:50:00,7.34,0.47,-5.45
141533,2026-01-26 6:00:00,6.91,0.37,-5.7
141534,2026-01-26 6:10:00,6.42,0.28,-5.88
141535,2026-01-26 6:20:00,6.29,0.26,-5.41
141536,2026-01-26 6:30:00,6.09,0.22,-5.45
141537,2026-01-26 6:40:00,6.11,0.24,-5.38
141538,2026-01-26 6:50:00,7.11,0.38,-5.14
141539,2026-01-26 7:00:00,7.21,0.4,-5.06
141540,2026-01-26 7:10:00,7.17,0.4,-4.84
141541,2026-01-26 7:20:00,6.13,0.25,-4.44
141542,2026-01-26 7:30:00,6.24,0.25,-4.58
141543,2026-01-26 7:40:00,5.86,0.19,-4.59
141544,2026-01-26 7:50:00,5.66,0.15,-4.38
141545,2026-01-26 8:00:00,6.1,0.22,-3.97
141546,2026-01-26 8:10:00,6.14,0.21,-3.82
141547,2026-01-26 8:20:00,6.34,0.22,-3.96
141548,2026-01-26 8:30:00,7.2,0.41,-3.95
141549,2026-01-26 8:40:00,7.82,0.54,-3.6
141550,2026-01-26 8:50:00,6.4,0.28,-3.53
141551,2026-01-26 9:00:00,6.38,0.23,-3.84
141552,2026-01-26 9:10:00,6.35,0.26,-3.88
141553,2026-01-26 9:20:00,6.21,0.21,-3.68
141554,2026-01-26 9:30:00,6.18,0.22,-3.7
141555,2026-01-26 9:40:00,6.69,0.3,-3.28
141556,2026-01-26 9:50:00,6.24,0.21,-3.08
141557,2026-01-26 10:00:00,5.94,0.17,-2.83
141558,2026-01-26 10:10:00,5.82,0.16,-2.48
141559,2026-01-26 10:20:00,6.67,0.29,-1.32
141560,2026-01-26 10:30:00,6.69,0.29,-1.67
141561,2026-01-26 10:40:00,6.19,0.24,-1.06
141562,2026-01-26 10:50:00,6.79,0.31,-0.37
141563,2026-01-26 11:00:00,7.07,0.37,0.41
141564,2026-01-26 11:10:00,7.92,0.47,0.7
141565,2026-01-26 11:20:00,7.48,0.45,1.07
141566,2026-01-26 11:30:00,6.78,0.36,1.59
141567,2026-01-26 11:40:00,7.36,0.44,1.81
141568,2026-01-26 11:50:00,9.34,0.77,1.84
141569,2026-01-26 12:00:00,8.61,0.63,2.33
141570,2026-01-26 12:10:00,8.72,0.66,2.51
141571,2026-01-26 12:20:00,10.08,0.85,2.58
141572,2026-01-26 12:30:00,9.51,0.77,2.83
141573,2026-01-26 12:40:00,10.76,0.95,2.74
141574,2026-01-26 12:50:00,10.47,0.93,2.93
141575,2026-01-26 13:00:00,10.56,0.94,3.15
141576,2026-01-26 13:10:00,9.46,0.82,3.29
141577,2026-01-26 13:20:00,9.61,0.81,3.48
141578,2026-01-26 13:30:00,9.33,0.75,3.79
141579,2026-01-26 13:40:00,8.84,0.66,4.07
141580,2026-01-26 13:50:00,9.67,0.78,4.15
141581,2026-01-26 14:00:00,10.51,0.91,3.93
141582,2026-01-26 14:10:00,8.71,0.66,4.31
141583,2026-01-26 14:20:00,9.38,0.77,4.34
141584,2026-01-26 14:30:00,8.69,0.66,4.59
141585,2026-01-26 14:40:00,9.75,0.82,4.51
141586,2026-01-26 14:50:00,9.58,0.74,4.57
141587,2026-01-26 15:00:00,10.01,0.84,4.61
141588,2026-01-26 15:10:00,9.67,0.8,4.64
141589,2026-01-26 15:20:00,10.52,0.9,4.75
141590,2026-01-26 15:30:00,8.36,0.55,5.02
141591,2026-01-26 15:40:00,7.89,0.5,5.03
141592,2026-01-26 15:50:00,7.59,0.44,5.11
141593,2026-01-26 16:00:00,7.8,0.48,4.99
141594,2026-01-26 16:10:00,7.84,0.5,4.79
141595,2026-01-26 16:20:00,8.15,0.52,4.62
141596,2026-01-26 16:30:00,9.65,0.75,4.23
141597,2026-01-26 16:40:00,9.19,0.69,4.16
141598,2026-01-26 16:50:00,9.35,0.74,3.94
141599,2026-01-26 17:00:00,8.91,0.69,3.63
141600,2026-01-26 17:10:00,7.37,0.42,3.68
141601,2026-01-26 17:20:00,7.32,0.44,2.95
141602,2026-01-26 17:30:00,6.72,0.35,2.66
141603,2026-01-26 17:40:00,6.38,0.29,2.33
141604,2026-01-26 17:50:00,5.73,0.21,1.93
141605,2026-01-26 18:00:00,6.5,0.32,1.64
141606,2026-01-26 18:10:00,8.31,0.59,1.5
141607,2026-01-26 18:20:00,8.28,0.59,1.61
141608,2026-01-26 18:30:00,7.3,0.45,1.25
141609,2026-01-26 18:40:00,7.7,0.52,1.11
141610,2026-01-26 18:50:00,7.42,0.53,0.98
141611,2026-01-26 19:00:00,8,0.59,0.81
141612,2026-01-26 19:10:00,9.36,0.81,1.18
141613,2026-01-26 19:20:00,10.27,0.91,1.27
141614,2026-01-26 19:30:00,10.01,0.87,1.35
141615,2026-01-26 19:40:00,8.13,0.65,1.21
141616,2026-01-26 19:50:00,9.72,0.82,1.2
141617,2026-01-26 20:00:00,9.02,0.72,1.11
141618,2026-01-26 20:10:00,6.8,0.41,1.02
141619,2026-01-26 20:20:00,5.89,0.27,0.65
141620,2026-01-26 20:30:00,5.69,0.19,0.11
141621,2026-01-26 20:40:00,5.05,0.14,-0.43
141622,2026-01-26 20:50:00,4.41,0.06,-0.71
141623,2026-01-26 21:00:00,4.16,0.06,-1.2
141624,2026-01-26 21:10:00,4.22,0.06,-1.46
141625,2026-01-26 21:20:00,4.63,0.1,-1.72
141626,2026-01-26 21:30:00,3.71,0.04,-1.51
141627,2026-01-26 21:40:00,5.13,0.15,-2.45
141628,2026-01-26 21:50:00,7.62,0.6,-1.62
141629,2026-01-26 22:00:00,7.47,0.57,-1.04
141630,2026-01-26 22:10:00,6.6,0.43,-1.49
141631,2026-01-26 22:20:00,9.24,0.76,-0.51
141632,2026-01-26 22:30:00,8.89,0.75,-0.33
141633,2026-01-26 22:40:00,9.16,0.82,-0.54
141634,2026-01-26 22:50:00,9.57,0.86,-0.42
141635,2026-01-26 23:00:00,9.8,0.89,-0.64
141636,2026-01-26 23:10:00,10.12,0.92,-0.28
141637,2026-01-26 23:20:00,9.13,0.8,-0.73
141638,2026-01-26 23:30:00,9.88,0.94,-0.79
141639,2026-01-26 23:40:00,10.76,0.98,-0.23
141640,2026-01-26 23:50:00,9.96,0.87,-0.38
141641,2026-01-27 0:00:00,9.51,0.8,-0.5
141642,2026-01-27 0:10:00,9.4,0.8,-0.26
141643,2026-01-27 0:20:00,7.84,0.6,-1.04
141644,2026-01-27 0:30:00,9.33,0.79,-1.45
141645,2026-01-27 0:40:00,7.47,0.47,-1.71
141646,2026-01-27 0:50:00,7.22,0.44,-2.59
141647,2026-01-27 1:00:00,8.1,0.54,-3.14
141648,2026-01-27 1:10:00,9.08,0.74,-3.08
141649,2026-01-27 1:20:00,8.51,0.69,-3.08
141650,2026-01-27 1:30:00,8.47,0.67,-3.21
141651,2026-01-27 1:40:00,7.76,0.55,-3.17
141652,2026-01-27 1:50:00,7.92,0.55,-3.39
141653,2026-01-27 2:00:00,7.45,0.44,-3.18
141654,2026-01-27 2:10:00,7.15,0.38,-3.33
141655,2026-01-27 2:20:00,7.34,0.4,-3.28
141656,2026-01-27 2:30:00,7.29,0.41,-3.02
141657,2026-01-27 2:40:00,7.24,0.41,-2.64
141658,2026-01-27 2:50:00,9.53,0.84,-2.76
141659,2026-01-27 3:00:00,11.13,1,-1.65
141660,2026-01-27 3:10:00,11.16,1,-0.85
141661,2026-01-27 3:20:00,11.03,1,-0.75
141662,2026-01-27 3:30:00,11.37,0.98,-1.46
141663,2026-01-27 3:40:00,9.2,0.79,-1.95
141664,2026-01-27 3:50:00,9.7,0.84,-2.46
141665,2026-01-27 4:00:00,8.6,0.72,-3.06
141666,2026-01-27 4:10:00,6.98,0.42,-3.71
141667,2026-01-27 4:20:00,8.16,0.55,-4.06
141668,2026-01-27 4:30:00,7.4,0.47,-4.9
141669,2026-01-27 4:40:00,11.39,0.97,-3.93
141670,2026-01-27 4:50:00,10.71,0.98,-3.47
141671,2026-01-27 5:00:00,9.75,0.86,-4.08
141672,2026-01-27 5:10:00,8.07,0.55,-4.68
141673,2026-01-27 5:20:00,6.54,0.31,-4.9
141674,2026-01-27 5:30:00,6.68,0.32,-3.35
141675,2026-01-27 5:40:00,6.38,0.27,-3.07
141676,2026-01-27 5:50:00,5.25,0.13,-3.54
141677,2026-01-27 6:00:00,4.7,0.1,-3.04
141678,2026-01-27 6:10:00,3.73,0.04,-2.82
141679,2026-01-27 6:20:00,2.84,0.01,-2.96
141680,2026-01-27 6:30:00,1.96,0,-3.14
141681,2026-01-27 6:40:00,2.67,0.01,-3.2
141682,2026-01-27 6:50:00,4.55,0.03,-3.6
141683,2026-01-27 7:00:00,4.26,0.03,-3.76
141684,2026-01-27 7:10:00,3,0.01,-4.32
141685,2026-01-27 7:20:00,2.15,0.01,-4.5
141686,2026-01-27 7:30:00,1.94,0.01,-4.78
141687,2026-01-27 7:40:00,0.77,0.01,-4.67
141688,2026-01-27 7:50:00,0.81,0.01,-4.88
141689,2026-01-27 8:00:00,0.65,0.01,-5.24
141690,2026-01-27 8:10:00,0.65,0.01,-5.92
141691,2026-01-27 8:20:00,0.95,0.01,-5.77
141692,2026-01-27 8:30:00,0.47,0.01,-5.79
141693,2026-01-27 8:40:00,0.91,0.01,-5.55
141694,2026-01-27 8:50:00,1.08,0.01,-5.36
141695,2026-01-27 9:00:00,1.45,0.01,-5.37
141696,2026-01-27 9:10:00,3.25,0.01,-5.05
141697,2026-01-27 9:20:00,2.84,0.01,-4.89
141698,2026-01-27 9:30:00,2.66,0.01,-4.39
141699,2026-01-27 9:40:00,1.69,0.01,-4.3
141700,2026-01-27 9:50:00,1.37,0.01,-3.92
141701,2026-01-27 10:00:00,1.08,0.01,-3.57
141702,2026-01-27 10:10:00,1.98,0.01,-4.04
141703,2026-01-27 10:20:00,2.11,0.01,-2.9
141704,2026-01-27 10:30:00,1.91,0.01,-2.07
141705,2026-01-27 10:40:00,1.89,0.01,-1.61
141706,2026-01-27 10:50:00,1.85,0.01,-0.68
141707,2026-01-27 11:00:00,1.72,0.01,0.03
141708,2026-01-27 11:10:00,1.72,0.01,0.67
141709,2026-01-27 11:20:00,1.5,0.01,1.25
141710,2026-01-27 11:30:00,1.3,0.01,1.5
141711,2026-01-27 11:40:00,1.18,0.01,1.51
141712,2026-01-27 11:50:00,1.52,0.01,1
141713,2026-01-27 12:00:00,1.7,0.01,1.69
141714,2026-01-27 12:10:00,2.06,0.01,1.34
141715,2026-01-27 12:20:00,2.44,0.01,1.38
141716,2026-01-27 12:30:00,2.28,0.01,1.46
141717,2026-01-27 12:40:00,1.99,0.01,1.53
141718,2026-01-27 12:50:00,2.06,0.01,2.25
141719,2026-01-27 13:00:00,1.9,0.01,2.71
141720,2026-01-27 13:10:00,1.41,0.01,3.04
141721,2026-01-27 13:20:00,1.64,0.01,3.08
141722,2026-01-27 13:30:00,1.58,0.01,3.03
141723,2026-01-27 13:40:00,1.6,0.01,3.04
141724,2026-01-27 13:50:00,1.41,0.01,3.27
141725,2026-01-27 14:00:00,1.04,0.01,3.76
141726,2026-01-27 14:10:00,0.93,0.01,4.17
141727,2026-01-27 14:20:00,1.03,0.01,4.42
141728,2026-01-27 14:30:00,1.12,0.01,3.93
141729,2026-01-27 14:40:00,0.9,0.01,4.71
141730,2026-01-27 14:50:00,1.02,0.01,4.64
141731,2026-01-27 15:00:00,1.58,0.01,4.5
141732,2026-01-27 15:10:00,1.04,0.01,4.93
141733,2026-01-27 15:20:00,0.76,0.01,4.78
141734,2026-01-27 15:30:00,0.95,0.01,4.78
141735,2026-01-27 15:40:00,1.29,0.01,3.9
141736,2026-01-27 15:50:00,0.89,0.01,4.04
141737,2026-01-27 16:00:00,0.73,0.01,4.08
141738,2026-01-27 16:10:00,0.91,0.01,3.83
141739,2026-01-27 16:20:00,1.25,0.01,3.54
141740,2026-01-27 16:30:00,0.62,0.01,3.5
141741,2026-01-27 16:40:00,1,0.01,3.25
141742,2026-01-27 16:50:00,1.12,0.01,3.12
141743,2026-01-27 17:00:00,0.92,0.01,2.94
141744,2026-01-27 17:10:00,0.28,0.01,3.14
141745,2026-01-27 17:20:00,0.32,0.01,2.9
141746,2026-01-27 17:30:00,0.68,0.01,2.49
141747,2026-01-27 17:40:00,0.89,0.01,2.42
141748,2026-01-27 17:50:00,1.02,0.01,2.19
141749,2026-01-27 18:00:00,0.65,0.01,2.13
141750,2026-01-27 18:10:00,0.5,0.01,2.18
141751,2026-01-27 18:20:00,0.65,0.01,2.16
141752,2026-01-27 18:30:00,0.44,0.01,2.15
141753,2026-01-27 18:40:00,0.45,0.01,2.1
141754,2026-01-27 18:50:00,0.64,0.01,1.9
141755,2026-01-27 19:00:00,1.38,0.01,1.42
141756,2026-01-27 19:10:00,1.25,0.01,1.29
141757,2026-01-27 19:20:00,0.88,0.01,1.28
141758,2026-01-27 19:30:00,1.35,0.01,1.26
141759,2026-01-27 19:40:00,1.47,0.01,1.21
141760,2026-01-27 19:50:00,1.77,0.01,1.11
141761,2026-01-27 20:00:00,3.86,0.01,1.14
141762,2026-01-27 20:10:00,4.41,0.02,1.18
141763,2026-01-27 20:20:00,4.73,0.03,1.1
141764,2026-01-27 20:30:00,4.54,0.02,1.1
141765,2026-01-27 20:40:00,3.67,0.01,1.09
141766,2026-01-27 20:50:00,3.46,0.01,1.09
141767,2026-01-27 21:00:00,4,0.01,1.16
141768,2026-01-27 21:10:00,3.31,0.01,1.04
141769,2026-01-27 21:20:00,3.23,0,0.96
141770,2026-01-27 21:30:00,2.3,0.01,0.9
141771,2026-01-27 21:40:00,3.04,0.01,0.83
141772,2026-01-27 21:50:00,3.56,0.01,0.65
141773,2026-01-27 22:00:00,4.17,0.01,0.42
141774,2026-01-27 22:10:00,4.03,0.01,0.28
141775,2026-01-27 22:20:00,3.4,0.01,0.21
141776,2026-01-27 22:30:00,2.96,0.01,0.22
141777,2026-01-27 22:40:00,2.43,0.01,0.29
141778,2026-01-27 22:50:00,2.12,0.01,0.3
141779,2026-01-27 23:00:00,1.33,0.01,0.31
141780,2026-01-27 23:10:00,0.73,0.01,0.27
141781,2026-01-27 23:20:00,1.4,0.01,0.09
141782,2026-01-27 23:30:00,1.44,0.01,0.08
141783,2026-01-27 23:40:00,1.26,0.01,0.14
141784,2026-01-27 23:50:00,1.29,0.01,0.27
141785,2026-01-28 0:00:00,1.37,0.01,0.29
141786,2026-01-28 0:10:00,1.29,0.01,0.2
141787,2026-01-28 0:20:00,0.9,0.01,0.17
141788,2026-01-28 0:30:00,1.39,0.01,0.08
141789,2026-01-28 0:40:00,1.52,0.01,-0.01
141790,2026-01-28 0:50:00,1.32,0.01,-0.15
141791,2026-01-28 1:00:00,1.37,0.01,-0.21
141792,2026-01-28 1:10:00,1.42,0.01,-0.25
141793,2026-01-28 1:20:00,1.11,0.01,-0.22
141794,2026-01-28 1:30:00,1.41,0.01,-0.3
141795,2026-01-28 1:40:00,1.22,0.01,-0.42
141796,2026-01-28 1:50:00,1.04,0.01,-0.49
141797,2026-01-28 2:00:00,1.08,0.01,-0.52
141798,2026-01-28 2:10:00,0.36,0.01,-0.61
141799,2026-01-28 2:20:00,0.35,0.01,-0.69
141800,2026-01-28 2:30:00,0.48,0.01,-0.66
141801,2026-01-28 2:40:00,0.46,0.01,-0.58
141802,2026-01-28 2:50:00,0.74,0.01,-0.52
141803,2026-01-28 3:00:00,0.52,0.01,-0.51
141804,2026-01-28 3:10:00,1.61,0.01,-0.51
141805,2026-01-28 3:20:00,0.78,0.01,-0.43
141806,2026-01-28 3:30:00,1.14,0.01,-0.49
141807,2026-01-28 3:40:00,1.16,0.01,-0.44
141808,2026-01-28 3:50:00,0.98,0.01,-0.51
141809,2026-01-28 4:00:00,1.19,0.01,-0.55
141810,2026-01-28 4:10:00,0.89,0.01,-0.81
141811,2026-01-28 4:20:00,0.71,0.01,-0.91
141812,2026-01-28 4:30:00,0.55,0.01,-1.01
141813,2026-01-28 4:40:00,0.68,0.01,-1.23
141814,2026-01-28 4:50:00,0.76,0.01,-1.27
141815,2026-01-28 5:00:00,0.73,0.01,-1.35
141816,2026-01-28 5:10:00,1.38,0.01,-1.5
141817,2026-01-28 5:20:00,1.42,0.01,-1.54
141818,2026-01-28 5:30:00,1.19,0.01,-1.49
141819,2026-01-28 5:40:00,1.14,0.01,-1.33
141820,2026-01-28 5:50:00,1.32,0.01,-1.02
141821,2026-01-28 6:00:00,1.32,0.01,-0.87
141822,2026-01-28 6:10:00,1.64,0.01,-0.97
141823,2026-01-28 6:20:00,3.3,0.01,-0.83
141824,2026-01-28 6:30:00,3.13,0.01,-0.62
141825,2026-01-28 6:40:00,2.7,0.01,-0.51
141826,2026-01-28 6:50:00,2.78,0.01,-0.39
141827,2026-01-28 7:00:00,3.68,0.01,-0.28
141828,2026-01-28 7:10:00,3.2,0.01,-0.33
141829,2026-01-28 7:20:00,4.09,0.02,-0.41
141830,2026-01-28 7:30:00,4.42,0.05,-0.4
141831,2026-01-28 7:40:00,5.03,0.07,-0.31
141832,2026-01-28 7:50:00,4.99,0.06,-0.31
141833,2026-01-28 8:00:00,5.4,0.07,-0.51
141834,2026-01-28 8:10:00,5.29,0.08,-0.74
141835,2026-01-28 8:20:00,4.4,0.04,-0.7
141836,2026-01-28 8:30:00,3.94,0.03,-0.38
141837,2026-01-28 8:40:00,3.02,0.01,-0.42
141838,2026-01-28 8:50:00,1.9,0.01,-0.83
141839,2026-01-28 9:00:00,0.93,0.01,-0.89
141840,2026-01-28 9:10:00,0.85,0.01,-1.07
141841,2026-01-28 9:20:00,2.42,0.01,-0.95
141842,2026-01-28 9:30:00,2.51,0.01,-0.73
141843,2026-01-28 9:40:00,1.21,0.01,-0.66
141844,2026-01-28 9:50:00,1.23,0.01,-0.55
141845,2026-01-28 10:00:00,0.91,0.01,-0.4
141846,2026-01-28 10:10:00,0.49,0.01,-0.76
141847,2026-01-28 10:20:00,0.32,0.01,-0.8
141848,2026-01-28 10:30:00,0.52,0.01,-0.64
141849,2026-01-28 10:40:00,1.3,0.01,-0.9
141850,2026-01-28 10:50:00,1.32,0.01,-0.87
141851,2026-01-28 11:00:00,1.33,0.01,-0.56
141852,2026-01-28 11:10:00,0.85,0.01,-0.1
141853,2026-01-28 11:20:00,1.21,0.01,-0.05
141854,2026-01-28 11:30:00,0.69,0.01,0.51
141855,2026-01-28 11:40:00,1.08,0.01,0.46
141856,2026-01-28 11:50:00,1.04,0.01,0.44
141857,2026-01-28 12:00:00,0.71,0.01,0.73
141858,2026-01-28 12:10:00,0.48,0.01,1.25
141859,2026-01-28 12:20:00,0.86,0.01,1.61
141860,2026-01-28 12:30:00,0.75,0.01,1.6
141861,2026-01-28 12:40:00,1.76,0.01,1.46
141862,2026-01-28 12:50:00,2.53,0.01,1.15
141863,2026-01-28 13:00:00,3.41,0.01,0.82
141864,2026-01-28 13:10:00,3.24,0.01,0.52
141865,2026-01-28 13:20:00,2.79,0.01,0.37
141866,2026-01-28 13:30:00,2.39,0.01,0.21
141867,2026-01-28 13:40:00,1.45,0.01,0.19
141868,2026-01-28 13:50:00,0.94,0.01,0.35
141869,2026-01-28 14:00:00,0.84,0.01,0.52
141870,2026-01-28 14:10:00,0.85,0.01,0.93
141871,2026-01-28 14:20:00,1.3,0.01,1.3
141872,2026-01-28 14:30:00,1.65,0.01,1.54
141873,2026-01-28 14:40:00,2.48,0.01,1.15
141874,2026-01-28 14:50:00,3.17,0.01,0.99
141875,2026-01-28 15:00:00,4,0.01,0.48
141876,2026-01-28 15:10:00,4.1,0.01,0.32
141877,2026-01-28 15:20:00,4.12,0.01,0.11
141878,2026-01-28 15:30:00,3.07,0.01,-0.13
141879,2026-01-28 15:40:00,4.61,0.01,-0.17
141880,2026-01-28 15:50:00,6.67,0.01,-0.32
141881,2026-01-28 16:00:00,5.88,0.01,-0.43
141882,2026-01-28 16:10:00,5.82,0.01,-0.54
141883,2026-01-28 16:20:00,6.25,0.01,-0.5
141884,2026-01-28 16:30:00,5.33,0.01,-0.41
141885,2026-01-28 16:40:00,5.58,0.01,-0.31
141886,2026-01-28 16:50:00,6.9,0.01,-0.34
141887,2026-01-28 17:00:00,7.2,0.01,-0.33
141888,2026-01-28 17:10:00,6.07,0.01,0.03
141889,2026-01-28 17:20:00,5.96,0.08,-0.17
141890,2026-01-28 17:30:00,5.97,0.14,-0.36
141891,2026-01-28 17:40:00,5.86,0.13,-0.41
141892,2026-01-28 17:50:00,5.34,0.1,-0.4
141893,2026-01-28 18:00:00,6.13,0.16,-0.5
141894,2026-01-28 18:10:00,6.4,0.19,-0.67
141895,2026-01-28 18:20:00,6.46,0.2,-0.74
141896,2026-01-28 18:30:00,5.79,0.14,-0.78
141897,2026-01-28 18:40:00,5.54,0.13,-0.93
141898,2026-01-28 18:50:00,6.46,0.21,-1.05
141899,2026-01-28 19:00:00,6.84,0.28,-1.13
141900,2026-01-28 19:10:00,7.46,0.4,-1.12
141901,2026-01-28 19:20:00,7.56,0.39,-1.07
141902,2026-01-28 19:30:00,8.32,0.52,-1.02
141903,2026-01-28 19:40:00,8.65,0.59,-0.99
141904,2026-01-28 19:50:00,10.13,0.79,-0.93
141905,2026-01-28 20:00:00,10.2,0.86,-0.96
141906,2026-01-28 20:10:00,8.82,0.69,-1.07
141907,2026-01-28 20:20:00,7.9,0.53,-1.05
141908,2026-01-28 20:30:00,8.44,0.61,-1.02
141909,2026-01-28 20:40:00,10.43,0.86,-0.85
141910,2026-01-28 20:50:00,9.58,0.76,-0.63
141911,2026-01-28 21:00:00,8.56,0.62,-0.52
141912,2026-01-28 21:10:00,8.43,0.6,-0.81
141913,2026-01-28 21:20:00,8.17,0.58,-0.86
141914,2026-01-28 21:30:00,7.67,0.46,-1.14
141915,2026-01-28 21:40:00,6.79,0.27,-1.19
141916,2026-01-28 21:50:00,6.27,0.22,-1.45
141917,2026-01-28 22:00:00,6.33,0.2,-1.62
141918,2026-01-28 22:10:00,7.11,0.33,-1.84
141919,2026-01-28 22:20:00,7.57,0.46,-2.33
141920,2026-01-28 22:30:00,7.26,0.42,-2.18
141921,2026-01-28 22:40:00,6.72,0.29,-0.57
141922,2026-01-28 22:50:00,6.1,0.21,-2.21
141923,2026-01-28 23:00:00,6.16,0.26,-2.28
141924,2026-01-28 23:10:00,7.13,0.41,-2.29
141925,2026-01-28 23:20:00,6.56,0.29,-2.33
141926,2026-01-28 23:30:00,5.36,0.12,-2.42
141927,2026-01-28 23:40:00,5.08,0.11,-2.38
141928,2026-01-28 23:50:00,6.01,0.18,-2.58
141929,2026-01-29 0:00:00,6.26,0.21,-2.43
141930,2026-01-29 0:10:00,6.4,0.3,-1.92
141931,2026-01-29 0:20:00,6.74,0.34,-2.19
141932,2026-01-29 0:30:00,6.52,0.26,-2.27
141933,2026-01-29 0:40:00,6.84,0.25,-2.18
141934,2026-01-29 0:50:00,6.82,0.27,-2.16
141935,2026-01-29 1:00:00,6.32,0.18,-2.02
141936,2026-01-29 1:10:00,5.41,0.11,-1.41
141937,2026-01-29 1:20:00,5.09,0.09,-0.47
141938,2026-01-29 1:30:00,5.03,0.11,-1.08
141939,2026-01-29 1:40:00,5.56,0.14,-1.86
141940,2026-01-29 1:50:00,6.51,0.21,-1.37
141941,2026-01-29 2:00:00,6.79,0.24,-1.68
141942,2026-01-29 2:10:00,6.56,0.2,-0.63
141943,2026-01-29 2:20:00,6.39,0.21,0
141944,2026-01-29 2:30:00,6.15,0.21,0
141945,2026-01-29 2:40:00,5.91,0.17,-0.49
141946,2026-01-29 2:50:00,6.02,0.17,-1.8
141947,2026-01-29 3:00:00,5.97,0.19,-1.84
141948,2026-01-29 3:10:00,5.64,0.15,-1.82
141949,2026-01-29 3:20:00,5.82,0.17,-1.68
141950,2026-01-29 3:30:00,6.14,0.2,-1.66
141951,2026-01-29 3:40:00,6.77,0.31,-1.85
141952,2026-01-29 3:50:00,7.46,0.4,-1.78
141953,2026-01-29 4:00:00,7.1,0.31,-1.71
141954,2026-01-29 4:10:00,6.64,0.25,-1.74
141955,2026-01-29 4:20:00,5.76,0.15,-1.21
141956,2026-01-29 4:30:00,5.71,0.14,-1.65
141957,2026-01-29 4:40:00,5.63,0.11,-1.24
141958,2026-01-29 4:50:00,4.99,0.06,-2.17
141959,2026-01-29 5:00:00,5.12,0.05,-2.25
141960,2026-01-29 5:10:00,4.92,0.08,-2.21
141961,2026-01-29 5:20:00,4.61,0.06,-2.44
141962,2026-01-29 5:30:00,4.1,0.04,-2.58
141963,2026-01-29 5:40:00,3.54,0.02,-2.57
141964,2026-01-29 5:50:00,2.45,0.01,-2.85
141965,2026-01-29 6:00:00,2.89,0.01,-2.52
141966,2026-01-29 6:10:00,2.5,0.01,-2.4
141967,2026-01-29 6:20:00,3.6,0.01,-2.29
141968,2026-01-29 6:30:00,3.39,0.01,-2.41
141969,2026-01-29 6:40:00,4.07,0.02,-2.37
141970,2026-01-29 6:50:00,3.69,0.03,-2.02
141971,2026-01-29 7:00:00,3.46,0.02,-1.58
141972,2026-01-29 7:10:00,3.3,0.01,-1.55
141973,2026-01-29 7:20:00,2.81,0.01,-2.14
141974,2026-01-29 7:30:00,1.83,0.01,-2.32
141975,2026-01-29 7:40:00,1.68,0.01,-2.54
141976,2026-01-29 7:50:00,1.67,0.01,-2.61
141977,2026-01-29 8:00:00,1.29,0.01,-2.5
141978,2026-01-29 8:10:00,1.53,0.01,-2.55
141979,2026-01-29 8:20:00,1.01,0.01,-2.48
141980,2026-01-29 8:30:00,1.08,0.01,-2.33
141981,2026-01-29 8:40:00,2.04,0.01,-2.4
141982,2026-01-29 8:50:00,2.89,0.01,-2.36
141983,2026-01-29 9:00:00,2.96,0.01,-2.28
141984,2026-01-29 9:10:00,3.06,0.01,-1.95
141985,2026-01-29 9:20:00,3.61,0.01,-1.54
141986,2026-01-29 9:30:00,4.76,0.03,-0.92
141987,2026-01-29 9:40:00,5.06,0.05,-0.81
141988,2026-01-29 9:50:00,4.28,0.04,-0.32
141989,2026-01-29 10:00:00,3.91,0.03,-0.2
141990,2026-01-29 10:10:00,3.89,0.03,-0.11
141991,2026-01-29 10:20:00,4.26,0.04,0.09
141992,2026-01-29 10:30:00,4.49,0.05,-0.3
141993,2026-01-29 10:40:00,4.31,0.04,-0.23
141994,2026-01-29 10:50:00,4.38,0.04,0.08
141995,2026-01-29 11:00:00,4,0.04,0.56
141996,2026-01-29 11:10:00,3.32,0.02,1.01
141997,2026-01-29 11:20:00,2.76,0.01,1.41
141998,2026-01-29 11:30:00,1.93,0.01,1.83
141999,2026-01-29 11:40:00,1.9,0.01,1.78
142000,2026-01-29 11:50:00,2.13,0.01,1.81
142001,2026-01-29 12:00:00,1.72,0.01,2.59
142002,2026-01-29 12:10:00,1.85,0.01,3.14
142003,2026-01-29 12:20:00,2.68,0.01,3.37
142004,2026-01-29 12:30:00,4.95,0.06,2.95
142005,2026-01-29 12:40:00,7.88,0.5,3
142006,2026-01-29 12:50:00,8.88,0.69,3.41
142007,2026-01-29 13:00:00,9.08,0.72,3.47
142008,2026-01-29 13:10:00,8.84,0.66,3.73
142009,2026-01-29 13:20:00,7.94,0.52,4.13
142010,2026-01-29 13:30:00,8.76,0.66,4.04
142011,2026-01-29 13:40:00,9.06,0.73,4.14
142012,2026-01-29 13:50:00,8.8,0.64,4.5
142013,2026-01-29 14:00:00,10.57,0.91,4.27
142014,2026-01-29 14:10:00,10.29,0.93,4.32
142015,2026-01-29 14:20:00,10.27,0.91,4.41
142016,2026-01-29 14:30:00,10.56,0.9,4.51
142017,2026-01-29 14:40:00,9.85,0.8,4.65
142018,2026-01-29 14:50:00,9.3,0.75,4.79
142019,2026-01-29 15:00:00,10.16,0.89,4.67
142020,2026-01-29 15:10:00,8.92,0.68,4.99
142021,2026-01-29 15:20:00,10.25,0.85,4.77
142022,2026-01-29 15:30:00,9.93,0.85,4.85
142023,2026-01-29 15:40:00,10.06,0.81,4.83
142024,2026-01-29 15:50:00,10.77,0.92,4.68
142025,2026-01-29 16:00:00,10.2,0.84,4.68
142026,2026-01-29 16:10:00,10.32,0.92,4.51
142027,2026-01-29 16:20:00,11.42,0.98,4.25
142028,2026-01-29 16:30:00,10.63,0.94,4.17
142029,2026-01-29 16:40:00,10.89,0.97,4.03
142030,2026-01-29 16:50:00,10.99,0.97,3.95
142031,2026-01-29 17:00:00,11.08,0.97,3.84
142032,2026-01-29 17:10:00,10.76,0.95,3.72
142033,2026-01-29 17:20:00,10.84,0.96,3.61
142034,2026-01-29 17:30:00,11.03,0.97,3.35
142035,2026-01-29 17:40:00,10.92,0.94,3.08
142036,2026-01-29 17:50:00,10.9,0.96,2.93
142037,2026-01-29 18:00:00,10.48,0.92,2.85
142038,2026-01-29 18:10:00,10.63,0.91,2.72
142039,2026-01-29 18:20:00,10.26,0.88,2.59
142040,2026-01-29 18:30:00,10.49,0.93,2.54
142041,2026-01-29 18:40:00,10.44,0.92,2.62
142042,2026-01-29 18:50:00,9.4,0.77,2.47
142043,2026-01-29 19:00:00,9.78,0.84,2.4
142044,2026-01-29 19:10:00,9.69,0.82,2.27
142045,2026-01-29 19:20:00,9.96,0.86,2.22
142046,2026-01-29 19:30:00,10.59,0.97,2.18
142047,2026-01-29 19:40:00,11.44,0.99,2.18
142048,2026-01-29 19:50:00,11.86,0.99,2.17
142049,2026-01-29 20:00:00,11.44,0.99,2.22
142050,2026-01-29 20:10:00,11.56,0.99,2.21
142051,2026-01-29 20:20:00,11.27,0.99,2.2
142052,2026-01-29 20:30:00,10.98,0.98,2.13
142053,2026-01-29 20:40:00,10.98,0.95,1.93
142054,2026-01-29 20:50:00,11.12,0.99,1.61
142055,2026-01-29 21:00:00,11.65,0.99,1.51
142056,2026-01-29 21:10:00,12.24,0.99,1.37
142057,2026-01-29 21:20:00,12.14,0.99,1.32
142058,2026-01-29 21:30:00,11.98,0.99,1.24
142059,2026-01-29 21:40:00,12.8,0.99,1.06
142060,2026-01-29 21:50:00,12.49,0.99,0.96
142061,2026-01-29 22:00:00,12.42,0.99,0.91
142062,2026-01-29 22:10:00,12.37,0.99,0.89
142063,2026-01-29 22:20:00,12.11,0.99,0.81
142064,2026-01-29 22:30:00,12.14,0.99,0.81
142065,2026-01-29 22:40:00,12.19,0.99,0.78
142066,2026-01-29 22:50:00,12.83,0.99,0.82
142067,2026-01-29 23:00:00,12.57,0.99,0.78
142068,2026-01-29 23:10:00,12.19,0.99,0.68
142069,2026-01-29 23:20:00,12.28,0.99,0.58
142070,2026-01-29 23:30:00,12.47,0.99,0.51
142071,2026-01-29 23:40:00,11.81,0.99,0.43
142072,2026-01-29 23:50:00,10.91,0.99,0.36
142073,2026-01-30 0:00:00,11,0.99,0.34
142074,2026-01-30 0:10:00,11.2,0.99,0.31
142075,2026-01-30 0:20:00,10.56,0.94,0.31
142076,2026-01-30 0:30:00,10.04,0.83,0.26
142077,2026-01-30 0:40:00,9.05,0.68,0.19
142078,2026-01-30 0:50:00,8.43,0.65,0.14
142079,2026-01-30 1:00:00,8.37,0.61,0.11
142080,2026-01-30 1:10:00,8.44,0.63,0.09
142081,2026-01-30 1:20:00,8.4,0.63,0.11
142082,2026-01-30 1:30:00,8.61,0.64,0.08
142083,2026-01-30 1:40:00,9.08,0.74,-0.03
142084,2026-01-30 1:50:00,9.46,0.8,-0.14
142085,2026-01-30 2:00:00,9.84,0.89,-0.17
142086,2026-01-30 2:10:00,9.91,0.86,-0.2
142087,2026-01-30 2:20:00,9.28,0.78,-0.17
142088,2026-01-30 2:30:00,8.22,0.6,-0.25
142089,2026-01-30 2:40:00,8.27,0.59,-0.36
142090,2026-01-30 2:50:00,7.53,0.46,-0.53
142091,2026-01-30 3:00:00,7.18,0.38,-0.72
142092,2026-01-30 3:10:00,8.57,0.61,-0.49
142093,2026-01-30 3:20:00,7.83,0.46,-0.62
142094,2026-01-30 3:30:00,7.29,0.4,-0.64
142095,2026-01-30 3:40:00,7.66,0.47,-1
142096,2026-01-30 3:50:00,7.83,0.48,-1.17
142097,2026-01-30 4:00:00,7.34,0.39,-1.03
142098,2026-01-30 4:10:00,7.2,0.36,-1.32
142099,2026-01-30 4:20:00,7.02,0.37,-1.51
142100,2026-01-30 4:30:00,8.39,0.57,-1.36
142101,2026-01-30 4:40:00,7.49,0.45,-1.13
142102,2026-01-30 4:50:00,6.5,0.27,-1.39
142103,2026-01-30 5:00:00,7.5,0.46,-1.43
142104,2026-01-30 5:10:00,8.26,0.62,-1.13
142105,2026-01-30 5:20:00,8.98,0.75,-1.11
142106,2026-01-30 5:30:00,9.4,0.77,-1.07
142107,2026-01-30 5:40:00,9.6,0.8,-1.11
142108,2026-01-30 5:50:00,9.6,0.81,-1.19
142109,2026-01-30 6:00:00,9.44,0.78,-1.23
142110,2026-01-30 6:10:00,8.96,0.71,-1.27
142111,2026-01-30 6:20:00,8.53,0.66,-1.32
142112,2026-01-30 6:30:00,8.79,0.66,-1.53
142113,2026-01-30 6:40:00,9.07,0.73,-1.33
142114,2026-01-30 6:50:00,9.33,0.74,-1.33
142115,2026-01-30 7:00:00,8.62,0.66,-1.43
142116,2026-01-30 7:10:00,7.99,0.57,-1.72
142117,2026-01-30 7:20:00,7.83,0.58,-1.58
142118,2026-01-30 7:30:00,8.07,0.61,-1.72
142119,2026-01-30 7:40:00,7.45,0.46,-1.71
142120,2026-01-30 7:50:00,7.33,0.43,-1.09
142121,2026-01-30 8:00:00,8.21,0.59,-1.41
142122,2026-01-30 8:10:00,9.12,0.73,-1.69
142123,2026-01-30 8:20:00,8.1,0.57,-1.8
142124,2026-01-30 8:30:00,7.82,0.53,-1.55
142125,2026-01-30 8:40:00,7.93,0.53,-1.76
142126,2026-01-30 8:50:00,7.61,0.48,-1.79
142127,2026-01-30 9:00:00,8.01,0.51,-1.59
142128,2026-01-30 9:10:00,8.43,0.64,-1.66
142129,2026-01-30 9:20:00,9.51,0.82,-1.23
142130,2026-01-30 9:30:00,10.78,0.94,-1.01
142131,2026-01-30 9:40:00,10.62,0.95,-0.86
142132,2026-01-30 9:50:00,10.51,0.93,-0.79
142133,2026-01-30 10:00:00,10.06,0.87,-0.69
142134,2026-01-30 10:10:00,10.91,0.98,-0.63
142135,2026-01-30 10:20:00,11.09,0.99,-0.74
142136,2026-01-30 10:30:00,11.49,0.99,-0.74
142137,2026-01-30 10:40:00,10.47,0.93,-0.49
142138,2026-01-30 10:50:00,10.28,0.89,-0.27
142139,2026-01-30 11:00:00,11.74,0.99,-0.07
142140,2026-01-30 11:10:00,13.06,0.99,0.1
142141,2026-01-30 11:20:00,11.86,0.98,0.48
142142,2026-01-30 11:30:00,11.65,0.98,0.81
142143,2026-01-30 11:40:00,10.41,0.88,1.19
142144,2026-01-30 11:50:00,10.6,0.94,1.31
142145,2026-01-30 12:00:00,11.21,0.97,1.47
142146,2026-01-30 12:10:00,10.8,0.95,1.82
142147,2026-01-30 12:20:00,12.19,0.99,1.88
142148,2026-01-30 12:30:00,11.75,0.99,1.89
142149,2026-01-30 12:40:00,12.23,0.96,2.05
142150,2026-01-30 12:50:00,12.42,0.99,2.15
142151,2026-01-30 13:00:00,12.95,0.99,2.41
142152,2026-01-30 13:10:00,11.95,0.99,2.68
142153,2026-01-30 13:20:00,12.94,0.99,2.89
142154,2026-01-30 13:30:00,12.83,0.99,3.1
142155,2026-01-30 13:40:00,12.29,0.99,3.51
142156,2026-01-30 13:50:00,11.64,0.95,3.81
142157,2026-01-30 14:00:00,12.08,0.97,4.03
142158,2026-01-30 14:10:00,12.37,0.99,4.15
142159,2026-01-30 14:20:00,9.83,0.85,4.64
142160,2026-01-30 14:30:00,11.2,0.93,4.73
142161,2026-01-30 14:40:00,11.55,0.97,4.86
142162,2026-01-30 14:50:00,11.56,0.96,5.07
142163,2026-01-30 15:00:00,10.51,0.88,5.57
142164,2026-01-30 15:10:00,11.54,0.98,5.46
142165,2026-01-30 15:20:00,11.55,0.99,5.48
142166,2026-01-30 15:30:00,11.33,0.99,5.55
142167,2026-01-30 15:40:00,11.3,0.96,5.58
142168,2026-01-30 15:50:00,11.27,0.98,5.82
142169,2026-01-30 16:00:00,10.03,0.82,5.97
142170,2026-01-30 16:10:00,11.47,0.99,5.66
142171,2026-01-30 16:20:00,10.92,0.93,5.63
142172,2026-01-30 16:30:00,11.54,0.98,5.43
142173,2026-01-30 16:40:00,10.68,0.89,5.34
142174,2026-01-30 16:50:00,11.41,0.97,5.02
142175,2026-01-30 17:00:00,11.19,0.97,4.81
142176,2026-01-30 17:10:00,10.83,0.93,4.65
142177,2026-01-30 17:20:00,11.32,0.97,4.65
142178,2026-01-30 17:30:00,11.93,0.99,4.02
142179,2026-01-30 17:40:00,11.56,0.98,3.84
142180,2026-01-30 17:50:00,10.86,0.93,3.75
142181,2026-01-30 18:00:00,10.55,0.92,3.55
142182,2026-01-30 18:10:00,10.62,0.92,3.39
142183,2026-01-30 18:20:00,10.09,0.82,3.2
142184,2026-01-30 18:30:00,8.83,0.65,2.99
142185,2026-01-30 18:40:00,8.36,0.58,2.76
142186,2026-01-30 18:50:00,8.42,0.59,2.64
142187,2026-01-30 19:00:00,8.97,0.7,2.47
142188,2026-01-30 19:10:00,8.56,0.65,2.33
142189,2026-01-30 19:20:00,9.83,0.85,2.12
142190,2026-01-30 19:30:00,10.1,0.88,2.08
142191,2026-01-30 19:40:00,8.5,0.6,2.04
142192,2026-01-30 19:50:00,9.54,0.82,2.02
142193,2026-01-30 20:00:00,9.03,0.71,1.9
142194,2026-01-30 20:10:00,8.78,0.66,1.87
142195,2026-01-30 20:20:00,8.04,0.52,1.92
142196,2026-01-30 20:30:00,7.47,0.42,1.91
142197,2026-01-30 20:40:00,8.28,0.58,1.57
142198,2026-01-30 20:50:00,6.69,0.35,1.59
142199,2026-01-30 21:00:00,6,0.25,1.09
142200,2026-01-30 21:10:00,7.68,0.5,0.76
142201,2026-01-30 21:20:00,7.75,0.5,0.56
142202,2026-01-30 21:30:00,7.39,0.47,0.19
142203,2026-01-30 21:40:00,7.56,0.51,0.23
142204,2026-01-30 21:50:00,7.98,0.54,0.06
142205,2026-01-30 22:00:00,6.38,0.27,-0.12
142206,2026-01-30 22:10:00,5.89,0.17,-0.5
142207,2026-01-30 22:20:00,6.54,0.26,-0.79
142208,2026-01-30 22:30:00,6.68,0.29,-0.88
142209,2026-01-30 22:40:00,7.45,0.42,-1.14
142210,2026-01-30 22:50:00,6.78,0.33,-1.08
142211,2026-01-30 23:00:00,6.3,0.25,-1.03
142212,2026-01-30 23:10:00,5.68,0.16,-1.27
142213,2026-01-30 23:20:00,6.29,0.21,-1.43
142214,2026-01-30 23:30:00,5.32,0.14,-1.42
142215,2026-01-30 23:40:00,4.46,0.06,-1.58
142216,2026-01-30 23:50:00,5.53,0.11,-1.59
142217,2026-01-31 0:00:00,4.74,0.09,-1.59
142218,2026-01-31 0:10:00,5.55,0.14,-1.66
142219,2026-01-31 0:20:00,5.75,0.14,-1.61
142220,2026-01-31 0:30:00,5.64,0.12,-1.45
142221,2026-01-31 0:40:00,5.63,0.13,-1.32
142222,2026-01-31 0:50:00,6.07,0.21,-1.33
142223,2026-01-31 1:00:00,6.05,0.21,-1.4
142224,2026-01-31 1:10:00,6.52,0.25,-1.16
142225,2026-01-31 1:20:00,6.06,0.2,-0.95
142226,2026-01-31 1:30:00,4.18,0.05,-1.93
142227,2026-01-31 1:40:00,4.28,0.07,-2.23
142228,2026-01-31 1:50:00,4.21,0.08,-1.44
142229,2026-01-31 2:00:00,5.39,0.15,-1.39
142230,2026-01-31 2:10:00,5.31,0.14,-1.29
142231,2026-01-31 2:20:00,6,0.24,-1.41
142232,2026-01-31 2:30:00,5.97,0.21,-1.59
142233,2026-01-31 2:40:00,6.02,0.2,-1.75
142234,2026-01-31 2:50:00,5.7,0.18,-1.81
142235,2026-01-31 3:00:00,5.74,0.18,-2.57
142236,2026-01-31 3:10:00,4.9,0.11,-3
142237,2026-01-31 3:20:00,4.55,0.09,-3.16
142238,2026-01-31 3:30:00,5.64,0.17,-2.91
142239,2026-01-31 3:40:00,4.81,0.11,-2.85
142240,2026-01-31 3:50:00,5.27,0.12,-2.77
142241,2026-01-31 4:00:00,5.16,0.12,-2.98
142242,2026-01-31 4:10:00,4.33,0.07,-3.63
142243,2026-01-31 4:20:00,3.76,0.05,-3.66
142244,2026-01-31 4:30:00,4.73,0.08,-3.52
142245,2026-01-31 4:40:00,4.86,0.08,-3.14
142246,2026-01-31 4:50:00,4.81,0.07,-3.34
142247,2026-01-31 5:00:00,3.69,0.04,-3.48
142248,2026-01-31 5:10:00,4.53,0.07,-3.77
142249,2026-01-31 5:20:00,6.11,0.21,-3.62
142250,2026-01-31 5:30:00,5.34,0.12,-3.62
142251,2026-01-31 5:40:00,5.31,0.12,-3.48
142252,2026-01-31 5:50:00,5.21,0.11,-3.65
142253,2026-01-31 6:00:00,4.6,0.07,-3.61
142254,2026-01-31 6:10:00,4.85,0.1,-3.76
142255,2026-01-31 6:20:00,4.7,0.09,-3.89
142256,2026-01-31 6:30:00,5.12,0.1,-4.21
142257,2026-01-31 6:40:00,5.5,0.15,-4.06
142258,2026-01-31 6:50:00,6.85,0.36,-3.95
142259,2026-01-31 7:00:00,6.38,0.3,-4.18
142260,2026-01-31 7:10:00,7.21,0.42,-3.77
142261,2026-01-31 7:20:00,7.78,0.51,-3.76
142262,2026-01-31 7:30:00,7.48,0.53,-3.92
142263,2026-01-31 7:40:00,7.84,0.56,-3.85
142264,2026-01-31 7:50:00,7.95,0.56,-3.76
142265,2026-01-31 8:00:00,7.29,0.46,-4.08
142266,2026-01-31 8:10:00,6.81,0.36,-4.86
142267,2026-01-31 8:20:00,6.49,0.31,-5.17
142268,2026-01-31 8:30:00,8.76,0.65,-4.57
142269,2026-01-31 8:40:00,8.61,0.64,-3.91
142270,2026-01-31 8:50:00,8.07,0.59,-3.6
142271,2026-01-31 9:00:00,8.43,0.65,-2.97
142272,2026-01-31 9:10:00,8.1,0.59,-2.89
142273,2026-01-31 9:20:00,6.94,0.42,-2.77
142274,2026-01-31 9:30:00,7.33,0.44,-1.9
142275,2026-01-31 9:40:00,7.02,0.41,-1.51
142276,2026-01-31 9:50:00,8.15,0.62,-1.29
142277,2026-01-31 10:00:00,9.22,0.8,-0.66
142278,2026-01-31 10:10:00,10.63,0.96,-0.16
142279,2026-01-31 10:20:00,11.3,0.99,0.63
142280,2026-01-31 10:30:00,10.86,0.98,1.27
142281,2026-01-31 10:40:00,11.22,0.98,1.56
142282,2026-01-31 10:50:00,11.34,0.99,1.62
142283,2026-01-31 11:00:00,11.45,0.99,1.94
142284,2026-01-31 11:10:00,11.36,0.97,2.26
142285,2026-01-31 11:20:00,11.58,0.99,2.6
142286,2026-01-31 11:30:00,10.86,0.94,3.18
142287,2026-01-31 11:40:00,10.08,0.89,3.59
142288,2026-01-31 11:50:00,11.39,0.97,3.66
142289,2026-01-31 12:00:00,10.84,0.95,4.22
142290,2026-01-31 12:10:00,11.73,0.95,4.34
142291,2026-01-31 12:20:00,11.68,0.97,4.32
142292,2026-01-31 12:30:00,11.35,0.89,4.64
142293,2026-01-31 12:40:00,10.32,0.86,5.05
142294,2026-01-31 12:50:00,10.79,0.94,5
142295,2026-01-31 13:00:00,10.88,0.97,5.33
142296,2026-01-31 13:10:00,10.77,0.94,5.58
142297,2026-01-31 13:20:00,10.44,0.86,6.02
142298,2026-01-31 13:30:00,10.92,0.95,6.05
142299,2026-01-31 13:40:00,10.8,0.97,6.03
142300,2026-01-31 13:50:00,11.02,0.98,6.11
142301,2026-01-31 14:00:00,10.91,0.98,6.42
142302,2026-01-31 14:10:00,10.46,0.9,6.64
142303,2026-01-31 14:20:00,10.98,0.98,6.71
142304,2026-01-31 14:30:00,10.61,0.98,6.68
142305,2026-01-31 14:40:00,9.93,0.83,6.81
142306,2026-01-31 14:50:00,8.19,0.6,7.22
142307,2026-01-31 15:00:00,8.85,0.68,7.79
142308,2026-01-31 15:10:00,8.94,0.73,8.39
142309,2026-01-31 15:20:00,10.34,0.94,8.44
142310,2026-01-31 15:30:00,11.54,0.99,8.51
142311,2026-01-31 15:40:00,11.55,0.96,8.37
142312,2026-01-31 15:50:00,11.06,0.95,8.13
142313,2026-01-31 16:00:00,11.03,0.92,7.79
142314,2026-01-31 16:10:00,9.32,0.71,7.39
142315,2026-01-31 16:20:00,10.66,0.89,6.98
142316,2026-01-31 16:30:00,11.63,0.99,6.85
142317,2026-01-31 16:40:00,9.65,0.76,6.89
142318,2026-01-31 16:50:00,9.92,0.8,6.73
142319,2026-01-31 17:00:00,9.59,0.73,6.61
142320,2026-01-31 17:10:00,9.42,0.74,6.45
142321,2026-01-31 17:20:00,9.66,0.78,6.36
142322,2026-01-31 17:30:00,10.24,0.9,6.3
142323,2026-01-31 17:40:00,10.47,0.9,6.2
142324,2026-01-31 17:50:00,9.5,0.74,6.02
142325,2026-01-31 18:00:00,9.49,0.74,5.9
142326,2026-01-31 18:10:00,10.7,0.92,5.88
142327,2026-01-31 18:20:00,10.39,0.88,5.86
142328,2026-01-31 18:30:00,10.27,0.88,5.87
142329,2026-01-31 18:40:00,8.96,0.73,5.8
142330,2026-01-31 18:50:00,8.88,0.71,5.68
142331,2026-01-31 19:00:00,10.3,0.89,5.87
142332,2026-01-31 19:10:00,10.76,0.93,5.82
142333,2026-01-31 19:20:00,10.76,0.9,5.89
142334,2026-01-31 19:30:00,9.46,0.8,5.96
142335,2026-01-31 19:40:00,9.86,0.86,6.1
142336,2026-01-31 19:50:00,7.84,0.55,5.95
142337,2026-01-31 20:00:00,5.91,0.25,6.08
142338,2026-01-31 20:10:00,5.62,0.2,6.13
142339,2026-01-31 20:20:00,5.77,0.25,6.1
142340,2026-01-31 20:30:00,7.19,0.44,5.91
142341,2026-01-31 20:40:00,7.67,0.55,5.77
142342,2026-01-31 20:50:00,6.62,0.34,5.37
142343,2026-01-31 21:00:00,4.43,0.1,5.09
142344,2026-01-31 21:10:00,3.38,0.03,4.98
142345,2026-01-31 21:20:00,2.59,0.01,4.76
142346,2026-01-31 21:30:00,2.22,0.01,4.71
142347,2026-01-31 21:40:00,2.86,0.01,4.6
142348,2026-01-31 21:50:00,2.99,0.02,4.51
142349,2026-01-31 22:00:00,1.72,0.01,4.37
142350,2026-01-31 22:10:00,0.93,0.01,4.06
142351,2026-01-31 22:20:00,1.23,0.01,4.19
142352,2026-01-31 22:30:00,2.36,0.01,3.84
142353,2026-01-31 22:40:00,4.86,0.04,2.88
142354,2026-01-31 22:50:00,3.55,0.02,2.21
142355,2026-01-31 23:00:00,6,0.12,1.92
142356,2026-01-31 23:10:00,6.38,0.2,1.76
142357,2026-01-31 23:20:00,6.6,0.24,1.68
142358,2026-01-31 23:30:00,6.61,0.24,1.57
142359,2026-01-31 23:40:00,6.58,0.21,1.42
142360,2026-01-31 23:50:00,5.99,0.19,1.39
